ID,Age,Work_class,fnlwgt,education,education-num,marital-status,occupation,relationship,race,sex,capital-gain,capital-loss,hours-per-week,native-country,Income
1,18,Private,309634,11th,7,Never-married,Other-service,Own-child,White,Female,0,0,22,United-States,<=50K
2,28,Private,69621,Assoc-acdm,12,Never-married,Sales,Not-in-family,White,Female,0,0,60,United-States,<=50K
3,35,Private,153790,Some-college,10,Never-married,Sales,Not-in-family,Amer-Indian-Eskimo,Female,0,0,40,United-States,<=50K
4,46,Private,214955,5th-6th,3,Divorced,Craft-repair,Not-in-family,White,Female,0,2339,45,United-States,<=50K
5,35,Private,92440,12th,8,Divorced,Craft-repair,Not-in-family,White,Male,0,0,50,United-States,>50K
6,34,Local-gov,243867,11th,7,Separated,Machine-op-inspct,Not-in-family,Black,Male,0,0,40,United-States,<=50K
7,44,Private,116632,Assoc-acdm,12,Never-married,Farming-fishing,Own-child,White,Male,0,0,40,United-States,<=50K
8,28,State-gov,70100,Bachelors,13,Never-married,Prof-specialty,Not-in-family,White,Male,0,0,20,United-States,<=50K
9,34,Private,148291,HS-grad,9,Married-civ-spouse,Tech-support,Wife,White,Female,0,0,32,United-States,<=50K
10,54,Private,212960,Bachelors,13,Married-civ-spouse,Sales,Husband,White,Male,0,0,35,United-States,>50K
11,30,Private,103649,Bachelors,13,Married-civ-spouse,Adm-clerical,Wife,Black,Female,0,0,40,United-States,>50K
12,42,Private,247019,HS-grad,9,Married-civ-spouse,Craft-repair,Husband,Black,Male,0,0,40,United-States,>50K
13,21,Private,163870,Some-college,10,Never-married,Handlers-cleaners,Own-child,White,Male,0,0,30,United-States,<=50K
14,36,Private,70282,Some-college,10,Divorced,Adm-clerical,Unmarried,Black,Female,0,0,40,United-States,<=50K
15,31,Private,295697,HS-grad,9,Separated,Other-service,Unmarried,Black,Female,0,0,40,United-States,<=50K
16,55,Private,173093,Some-college,10,Divorced,Adm-clerical,Not-in-family,Asian-Pac-Islander,Female,0,0,40,United-States,<=50K
17,45,?,51164,Some-college,10,Married-civ-spouse,?,Wife,Black,Female,0,0,40,United-States,<=50K
18,23,Private,145111,HS-grad,9,Never-married,Transport-moving,Unmarried,White,Male,0,0,50,United-States,<=50K
19,40,State-gov,188693,Masters,14,Married-civ-spouse,Prof-specialty,Husband,White,Male,0,0,35,United-States,>50K
20,37,Private,215310,HS-grad,9,Married-civ-spouse,Craft-repair,Husband,White,Male,0,0,50,United-States,>50K
21,43,Private,173728,Bachelors,13,Separated,Prof-specialty,Unmarried,White,Female,0,0,40,United-States,<=50K
22,31,Private,185732,HS-grad,9,Never-married,Other-service,Own-child,White,Female,0,0,30,United-States,<=50K
23,28,Self-emp-not-inc,218555,Some-college,10,Never-married,Transport-moving,Not-in-family,White,Male,0,1762,40,United-States,<=50K
24,29,Federal-gov,301010,Some-college,10,Never-married,Armed-Forces,Not-in-family,Black,Male,0,0,60,United-States,<=50K
25,17,?,138507,10th,6,Never-married,?,Own-child,White,Male,0,0,20,United-States,<=50K
26,17,Private,197850,11th,7,Never-married,Adm-clerical,Own-child,Asian-Pac-Islander,Female,0,0,24,United-States,<=50K
27,66,Self-emp-not-inc,298834,Assoc-voc,11,Married-civ-spouse,Prof-specialty,Husband,White,Male,0,0,50,United-States,<=50K
28,69,?,473040,5th-6th,3,Divorced,?,Not-in-family,White,Male,0,0,40,United-States,<=50K
29,27,Private,168107,Bachelors,13,Married-civ-spouse,Craft-repair,Husband,White,Male,0,0,40,United-States,<=50K
30,26,Private,294493,Bachelors,13,Never-married,Craft-repair,Other-relative,White,Male,0,0,40,United-States,<=50K
31,50,Private,171338,Some-college,10,Married-civ-spouse,Exec-managerial,Husband,White,Male,99999,0,50,United-States,>50K
32,59,Private,183606,11th,7,Married-civ-spouse,Machine-op-inspct,Husband,White,Male,0,0,40,United-States,<=50K
33,37,Local-gov,118909,HS-grad,9,Divorced,Adm-clerical,Unmarried,Black,Female,0,0,35,United-States,<=50K
34,18,Private,152545,HS-grad,9,Never-married,Other-service,Own-child,White,Female,0,0,8,United-States,<=50K
35,21,Private,165475,HS-grad,9,Married-civ-spouse,Machine-op-inspct,Husband,White,Male,0,0,40,United-States,<=50K
36,64,Private,170483,HS-grad,9,Widowed,Other-service,Not-in-family,White,Female,0,0,38,United-States,<=50K
37,50,Private,112351,HS-grad,9,Divorced,Exec-managerial,Unmarried,White,Male,0,0,38,United-States,<=50K
38,19,Private,354104,HS-grad,9,Never-married,Handlers-cleaners,Own-child,White,Male,0,0,30,United-States,<=50K
39,28,?,308493,HS-grad,9,Married-civ-spouse,?,Wife,White,Female,0,0,17,Honduras,<=50K
40,47,Private,326857,Assoc-voc,11,Married-civ-spouse,Craft-repair,Husband,White,Male,5013,0,40,United-States,<=50K
41,56,Local-gov,242670,Some-college,10,Widowed,Adm-clerical,Unmarried,White,Female,0,0,40,United-States,<=50K
42,26,Private,60726,Some-college,10,Married-civ-spouse,Craft-repair,Husband,Black,Male,0,0,40,United-States,<=50K
43,51,Private,204322,Assoc-voc,11,Married-civ-spouse,Handlers-cleaners,Husband,White,Male,0,0,40,United-States,>50K
44,20,Private,236769,Some-college,10,Never-married,Handlers-cleaners,Own-child,White,Male,0,0,40,United-States,<=50K
45,25,Private,73289,HS-grad,9,Never-married,Transport-moving,Own-child,White,Male,0,0,40,United-States,<=50K
46,46,Private,109089,HS-grad,9,Divorced,Craft-repair,Not-in-family,White,Male,0,0,37,United-States,<=50K
47,22,Private,230574,10th,6,Never-married,Transport-moving,Own-child,White,Male,0,0,25,United-States,<=50K
48,37,Private,65390,Bachelors,13,Married-civ-spouse,Farming-fishing,Husband,White,Male,0,0,50,United-States,<=50K
49,22,Private,189950,Bachelors,13,Never-married,Prof-specialty,Not-in-family,White,Male,0,0,55,United-States,<=50K
50,27,Private,387776,Some-college,10,Never-married,Other-service,Own-child,White,Male,0,0,40,United-States,<=50K
51,55,Self-emp-inc,124137,Prof-school,15,Married-civ-spouse,Prof-specialty,Husband,White,Male,0,2415,35,Greece,>50K
52,39,Private,172425,Assoc-voc,11,Married-civ-spouse,Adm-clerical,Wife,White,Female,0,0,20,United-States,>50K
53,53,?,181317,HS-grad,9,Married-civ-spouse,?,Husband,White,Male,0,0,40,United-States,<=50K
54,24,State-gov,166851,Masters,14,Never-married,Prof-specialty,Not-in-family,White,Male,0,0,13,United-States,<=50K
55,24,Private,145964,Bachelors,13,Never-married,Exec-managerial,Not-in-family,White,Male,0,0,40,United-States,<=50K
56,21,Private,34616,Some-college,10,Never-married,Other-service,Own-child,White,Female,0,0,25,United-States,<=50K
57,30,Federal-gov,68330,Bachelors,13,Never-married,Prof-specialty,Not-in-family,White,Male,0,0,40,United-States,>50K
58,58,Private,205896,HS-grad,9,Divorced,Sales,Other-relative,White,Female,0,0,40,United-States,<=50K
59,41,Private,194710,HS-grad,9,Never-married,Exec-managerial,Not-in-family,White,Female,0,0,40,United-States,<=50K
60,17,Private,295488,11th,7,Never-married,Other-service,Own-child,Black,Female,0,0,25,United-States,<=50K
61,31,Private,169240,HS-grad,9,Never-married,Other-service,Not-in-family,White,Female,0,0,40,United-States,<=50K
62,48,Private,186172,Bachelors,13,Married-civ-spouse,Exec-managerial,Husband,White,Male,0,0,45,United-States,>50K
63,42,Private,200574,Some-college,10,Married-civ-spouse,Sales,Husband,White,Male,0,0,40,United-States,<=50K
64,26,Private,198163,Masters,14,Married-civ-spouse,Sales,Wife,White,Female,0,0,40,United-States,<=50K
65,33,Private,144064,Bachelors,13,Married-civ-spouse,Exec-managerial,Husband,White,Male,0,0,50,United-States,<=50K
66,40,Private,220609,Some-college,10,Divorced,Exec-managerial,Not-in-family,White,Female,0,0,40,United-States,<=50K
67,51,Private,24185,Bachelors,13,Married-civ-spouse,Craft-repair,Husband,White,Male,0,0,40,United-States,>50K
68,35,?,169809,Bachelors,13,Married-civ-spouse,?,Husband,White,Male,0,0,20,United-States,<=50K
69,44,Private,248973,Bachelors,13,Divorced,Adm-clerical,Not-in-family,Black,Male,0,0,65,United-States,<=50K
70,58,Local-gov,310085,10th,6,Married-civ-spouse,Transport-moving,Husband,White,Male,0,0,40,United-States,<=50K
71,73,Private,123160,10th,6,Widowed,Other-service,Not-in-family,White,Female,0,0,10,United-States,<=50K
72,36,Private,166988,Bachelors,13,Married-civ-spouse,Prof-specialty,Wife,White,Female,0,0,40,United-States,>50K
73,23,Self-emp-inc,214542,Some-college,10,Never-married,Prof-specialty,Not-in-family,White,Male,0,0,50,United-States,<=50K
74,59,Private,146391,Assoc-voc,11,Married-civ-spouse,Tech-support,Husband,White,Male,7298,0,40,United-States,>50K
75,24,Private,102493,HS-grad,9,Married-civ-spouse,Handlers-cleaners,Husband,White,Male,0,0,40,United-States,<=50K
76,39,?,362685,Preschool,1,Widowed,?,Not-in-family,White,Female,0,0,20,El-Salvador,<=50K
77,43,Private,245842,HS-grad,9,Married-civ-spouse,Machine-op-inspct,Husband,White,Male,0,0,44,Mexico,<=50K
78,51,Private,53197,HS-grad,9,Married-civ-spouse,Craft-repair,Husband,White,Male,0,0,40,United-States,<=50K
79,70,Private,35494,HS-grad,9,Married-civ-spouse,Exec-managerial,Husband,White,Male,0,0,30,United-States,<=50K
80,70,Private,121993,HS-grad,9,Married-civ-spouse,Adm-clerical,Wife,White,Female,0,0,5,United-States,<=50K
81,28,Local-gov,154863,HS-grad,9,Never-married,Protective-serv,Other-relative,Black,Male,0,1876,40,United-States,<=50K
82,19,Private,38619,Some-college,10,Never-married,Farming-fishing,Own-child,White,Male,0,0,66,United-States,<=50K
83,51,Private,186338,HS-grad,9,Married-civ-spouse,Craft-repair,Husband,White,Male,0,0,40,United-States,>50K
84,47,Private,76612,HS-grad,9,Married-civ-spouse,Prof-specialty,Husband,White,Male,0,0,50,United-States,<=50K
85,28,Private,210867,11th,7,Divorced,Sales,Own-child,White,Male,0,0,40,United-States,<=50K
86,41,Local-gov,52037,Some-college,10,Divorced,Adm-clerical,Unmarried,White,Female,0,0,40,United-States,<=50K
87,31,Private,45604,HS-grad,9,Married-civ-spouse,Exec-managerial,Husband,White,Male,0,0,54,United-States,<=50K
88,38,State-gov,31352,Some-college,10,Divorced,Protective-serv,Unmarried,Amer-Indian-Eskimo,Female,0,0,40,United-States,>50K
89,21,Private,452640,HS-grad,9,Never-married,Craft-repair,Not-in-family,White,Male,0,0,40,United-States,<=50K
90,44,Private,111483,HS-grad,9,Never-married,Adm-clerical,Own-child,White,Male,0,1504,50,United-States,<=50K
91,29,Private,52636,HS-grad,9,Married-civ-spouse,Transport-moving,Husband,White,Male,0,0,40,United-States,<=50K
92,25,Private,267012,Assoc-voc,11,Never-married,Sales,Not-in-family,White,Male,0,0,45,United-States,<=50K
93,20,?,24395,Some-college,10,Never-married,?,Unmarried,White,Female,0,0,20,United-States,<=50K
94,43,Private,191149,HS-grad,9,Divorced,Exec-managerial,Not-in-family,White,Female,0,0,40,United-States,<=50K
95,27,Federal-gov,285432,Assoc-acdm,12,Never-married,Transport-moving,Not-in-family,Black,Male,0,0,40,United-States,<=50K
96,32,Federal-gov,125856,HS-grad,9,Divorced,Craft-repair,Unmarried,White,Male,0,0,40,United-States,<=50K
97,29,Private,114224,Bachelors,13,Married-civ-spouse,Prof-specialty,Husband,White,Male,0,0,40,United-States,>50K
98,34,Self-emp-inc,207668,HS-grad,9,Married-civ-spouse,Craft-repair,Husband,White,Male,0,0,54,?,>50K
99,42,Self-emp-not-inc,174216,Prof-school,15,Married-civ-spouse,Prof-specialty,Husband,White,Male,0,0,38,United-States,>50K
100,39,Private,172538,HS-grad,9,Married-civ-spouse,Prof-specialty,Husband,White,Male,0,0,50,United-States,>50K
101,42,State-gov,55764,Assoc-acdm,12,Divorced,Prof-specialty,Not-in-family,Black,Male,0,0,40,United-States,<=50K
102,25,Private,252752,Some-college,10,Never-married,Prof-specialty,Not-in-family,White,Female,0,0,8,United-States,<=50K
103,52,Private,270142,Assoc-voc,11,Separated,Exec-managerial,Unmarried,Black,Female,0,0,60,United-States,<=50K
104,26,Private,132661,HS-grad,9,Married-civ-spouse,Exec-managerial,Wife,White,Female,5013,0,40,United-States,<=50K
105,57,Local-gov,44273,HS-grad,9,Widowed,Transport-moving,Not-in-family,White,Female,0,0,40,United-States,<=50K
106,28,Private,56179,Some-college,10,Never-married,Exec-managerial,Not-in-family,White,Male,2174,0,55,United-States,<=50K
107,28,Private,149734,HS-grad,9,Never-married,Other-service,Unmarried,Black,Female,0,0,52,United-States,<=50K
108,59,Private,194290,HS-grad,9,Married-civ-spouse,Farming-fishing,Husband,White,Male,0,0,48,United-States,<=50K
109,61,?,226989,Some-college,10,Married-spouse-absent,?,Not-in-family,White,Male,0,0,40,United-States,<=50K
110,21,Private,146499,Assoc-voc,11,Married-civ-spouse,Adm-clerical,Other-relative,White,Female,0,1579,40,United-States,<=50K
111,19,Self-emp-not-inc,30800,10th,6,Married-spouse-absent,Adm-clerical,Unmarried,Amer-Indian-Eskimo,Female,0,0,40,United-States,<=50K
112,28,Private,96337,Some-college,10,Never-married,Adm-clerical,Not-in-family,White,Female,0,0,40,United-States,<=50K
113,39,Local-gov,139364,Bachelors,13,Married-civ-spouse,Prof-specialty,Husband,White,Male,0,0,35,United-States,>50K
114,64,?,286732,7th-8th,4,Widowed,?,Not-in-family,White,Female,0,0,40,United-States,<=50K
115,28,Private,308709,Bachelors,13,Never-married,Sales,Not-in-family,White,Female,0,0,48,United-States,<=50K
116,42,Private,236110,5th-6th,3,Married-spouse-absent,Craft-repair,Not-in-family,White,Male,0,0,40,Puerto-Rico,<=50K
117,35,Private,112271,Masters,14,Married-civ-spouse,Adm-clerical,Husband,White,Male,0,0,40,United-States,<=50K
118,23,Private,224954,Some-college,10,Never-married,Machine-op-inspct,Own-child,White,Male,0,0,25,United-States,<=50K
119,63,Private,68872,HS-grad,9,Married-civ-spouse,Transport-moving,Wife,Asian-Pac-Islander,Female,0,0,20,United-States,<=50K
120,53,Private,152373,Some-college,10,Divorced,Craft-repair,Not-in-family,White,Male,0,0,48,United-States,>50K
121,56,Self-emp-not-inc,258752,Bachelors,13,Married-civ-spouse,Exec-managerial,Husband,White,Male,0,0,60,United-States,<=50K
122,49,Private,115784,HS-grad,9,Married-civ-spouse,Machine-op-inspct,Husband,White,Male,0,0,40,United-States,<=50K
123,47,Private,80924,Some-college,10,Widowed,Other-service,Not-in-family,White,Female,0,0,35,United-States,<=50K
124,22,Private,203240,10th,6,Never-married,Adm-clerical,Not-in-family,White,Female,0,0,40,United-States,<=50K
125,20,Private,105312,Some-college,10,Never-married,Sales,Own-child,White,Female,0,0,18,United-States,<=50K
126,18,Private,71792,HS-grad,9,Never-married,Sales,Own-child,Asian-Pac-Islander,Female,0,0,40,United-States,<=50K
127,31,Private,114324,Assoc-voc,11,Never-married,Other-service,Not-in-family,Black,Female,0,0,40,United-States,<=50K
128,51,Private,30008,HS-grad,9,Married-civ-spouse,Transport-moving,Husband,White,Male,0,0,60,United-States,<=50K
129,90,Self-emp-not-inc,155981,Bachelors,13,Married-civ-spouse,Prof-specialty,Husband,White,Male,10566,0,50,United-States,<=50K
130,26,Private,133373,Some-college,10,Never-married,Sales,Own-child,White,Male,0,0,42,United-States,<=50K
131,51,Self-emp-not-inc,256963,Some-college,10,Married-civ-spouse,Sales,Husband,White,Male,0,0,60,United-States,<=50K
132,34,Local-gov,167063,HS-grad,9,Never-married,Protective-serv,Own-child,White,Male,0,0,40,United-States,<=50K
133,48,Self-emp-inc,155664,Prof-school,15,Married-civ-spouse,Prof-specialty,Husband,White,Male,0,0,60,United-States,>50K
134,64,Private,149044,Masters,14,Married-civ-spouse,Prof-specialty,Husband,Asian-Pac-Islander,Male,0,2057,60,China,<=50K
135,33,Private,67072,HS-grad,9,Married-civ-spouse,Sales,Husband,White,Male,0,0,50,United-States,>50K
136,20,Private,115824,11th,7,Married-civ-spouse,Handlers-cleaners,Husband,White,Male,0,1573,40,United-States,<=50K
137,37,State-gov,191779,Some-college,10,Married-civ-spouse,Craft-repair,Husband,White,Male,0,0,40,United-States,<=50K
138,23,Private,33105,Some-college,10,Never-married,Handlers-cleaners,Own-child,Amer-Indian-Eskimo,Male,0,0,40,United-States,<=50K
139,30,?,203834,Bachelors,13,Never-married,?,Not-in-family,Asian-Pac-Islander,Female,0,0,50,Taiwan,<=50K
140,45,Private,110171,HS-grad,9,Never-married,Handlers-cleaners,Not-in-family,White,Male,0,0,40,United-States,<=50K
141,41,Private,166813,Some-college,10,Married-civ-spouse,Sales,Husband,White,Male,0,0,55,United-States,<=50K
142,32,Private,32732,HS-grad,9,Married-civ-spouse,Prof-specialty,Husband,White,Male,0,0,50,United-States,<=50K
143,39,Private,269722,Bachelors,13,Married-civ-spouse,Exec-managerial,Husband,White,Male,0,0,70,United-States,<=50K
144,45,Private,327886,Prof-school,15,Never-married,Prof-specialty,Not-in-family,White,Male,0,0,40,United-States,>50K
145,46,Private,28419,Assoc-voc,11,Never-married,Transport-moving,Not-in-family,White,Male,0,0,50,United-States,<=50K
146,34,Private,213722,HS-grad,9,Never-married,Handlers-cleaners,Own-child,White,Male,0,0,40,United-States,<=50K
147,54,Private,94055,Bachelors,13,Married-civ-spouse,Other-service,Husband,White,Male,0,0,40,United-States,<=50K
148,64,Local-gov,202984,HS-grad,9,Married-civ-spouse,Craft-repair,Husband,White,Male,3137,0,40,United-States,<=50K
149,36,Private,128382,Some-college,10,Never-married,Machine-op-inspct,Unmarried,White,Male,0,0,45,United-States,<=50K
150,38,Private,193026,HS-grad,9,Never-married,Other-service,Unmarried,White,Male,0,1408,40,?,<=50K
151,62,?,225657,HS-grad,9,Married-civ-spouse,?,Husband,White,Male,0,0,24,United-States,<=50K
152,56,Private,85018,HS-grad,9,Never-married,Adm-clerical,Not-in-family,White,Female,0,0,40,United-States,<=50K
153,26,Private,224361,HS-grad,9,Never-married,Exec-managerial,Not-in-family,White,Male,0,0,40,United-States,<=50K
154,63,Private,118798,HS-grad,9,Married-civ-spouse,Craft-repair,Husband,White,Male,99999,0,40,United-States,>50K
155,38,Federal-gov,122493,Bachelors,13,Married-civ-spouse,Prof-specialty,Husband,White,Male,4064,0,40,United-States,<=50K
156,43,Private,59107,HS-grad,9,Separated,Other-service,Not-in-family,White,Female,4101,0,40,United-States,<=50K
157,30,?,186420,Bachelors,13,Never-married,?,Not-in-family,White,Female,0,0,40,United-States,<=50K
158,26,Private,89648,Bachelors,13,Never-married,Exec-managerial,Not-in-family,White,Female,0,0,50,United-States,<=50K
159,42,Private,57600,HS-grad,9,Divorced,Prof-specialty,Not-in-family,White,Female,0,0,45,United-States,<=50K
160,43,Private,35910,Some-college,10,Married-civ-spouse,Sales,Husband,White,Male,0,0,43,United-States,>50K
161,29,Private,161444,HS-grad,9,Married-civ-spouse,Exec-managerial,Husband,White,Male,0,0,40,Columbia,<=50K
162,23,Private,176486,Assoc-voc,11,Never-married,Adm-clerical,Own-child,White,Female,0,0,36,United-States,<=50K
163,31,Private,31600,Bachelors,13,Never-married,Prof-specialty,Not-in-family,White,Female,0,0,40,United-States,<=50K
164,40,Private,173858,7th-8th,4,Married-civ-spouse,Other-service,Husband,Asian-Pac-Islander,Male,0,0,42,Cambodia,<=50K
165,50,Private,210217,Bachelors,13,Divorced,Sales,Unmarried,Black,Male,0,0,40,United-States,<=50K
166,32,Self-emp-inc,113543,Prof-school,15,Married-civ-spouse,Prof-specialty,Husband,White,Male,0,0,40,United-States,>50K
167,17,Private,111332,11th,7,Never-married,Sales,Own-child,White,Female,0,0,20,United-States,<=50K
168,23,Private,222925,HS-grad,9,Married-civ-spouse,Machine-op-inspct,Own-child,White,Female,2105,0,40,United-States,<=50K
169,34,?,353881,Assoc-voc,11,Married-civ-spouse,?,Husband,White,Male,3103,0,60,United-States,>50K
170,48,Private,248164,Bachelors,13,Married-civ-spouse,Sales,Husband,White,Male,4386,0,50,United-States,>50K
171,40,Self-emp-not-inc,33068,HS-grad,9,Married-civ-spouse,Farming-fishing,Husband,White,Male,0,0,50,United-States,<=50K
172,21,Private,222490,Some-college,10,Never-married,Handlers-cleaners,Own-child,White,Female,0,0,40,United-States,<=50K
173,43,Private,115323,Bachelors,13,Married-civ-spouse,Exec-managerial,Husband,White,Male,3103,0,40,United-States,>50K
174,39,State-gov,114055,Bachelors,13,Never-married,Exec-managerial,Not-in-family,White,Female,0,0,40,United-States,<=50K
175,27,Private,302406,Some-college,10,Married-civ-spouse,Sales,Husband,White,Male,0,0,40,United-States,>50K
176,17,Private,294485,10th,6,Never-married,Other-service,Own-child,White,Male,0,0,30,United-States,<=50K
177,25,Private,177499,Bachelors,13,Never-married,Craft-repair,Own-child,White,Male,0,1590,35,United-States,<=50K
178,33,Private,323069,Assoc-voc,11,Divorced,Other-service,Unmarried,White,Female,0,0,40,United-States,<=50K
179,51,Federal-gov,45487,HS-grad,9,Married-civ-spouse,Transport-moving,Husband,White,Male,0,0,80,United-States,<=50K
180,27,Self-emp-not-inc,442612,HS-grad,9,Married-civ-spouse,Sales,Husband,White,Male,0,0,65,United-States,>50K
181,36,Private,308945,HS-grad,9,Married-civ-spouse,Machine-op-inspct,Husband,White,Male,0,0,40,United-States,<=50K
182,52,Private,245275,10th,6,Married-civ-spouse,Other-service,Wife,White,Female,0,0,35,United-States,<=50K
183,43,Private,177905,HS-grad,9,Married-civ-spouse,Handlers-cleaners,Husband,White,Male,3908,0,40,United-States,<=50K
184,56,Private,132026,Bachelors,13,Married-civ-spouse,Sales,Husband,Black,Male,7688,0,45,United-States,>50K
185,25,Private,75759,HS-grad,9,Married-civ-spouse,Transport-moving,Husband,White,Male,0,0,44,United-States,>50K
186,55,Private,201112,HS-grad,9,Divorced,Prof-specialty,Unmarried,Black,Female,0,0,40,United-States,<=50K
187,37,Private,108913,HS-grad,9,Never-married,Other-service,Not-in-family,White,Male,0,0,40,United-States,<=50K
188,34,Private,207668,Some-college,10,Married-civ-spouse,Handlers-cleaners,Husband,White,Male,0,1887,40,United-States,>50K
189,27,Private,119170,11th,7,Never-married,Exec-managerial,Unmarried,White,Female,0,0,45,United-States,<=50K
190,50,Private,258819,HS-grad,9,Divorced,Craft-repair,Not-in-family,White,Male,0,0,40,United-States,>50K
191,34,Self-emp-not-inc,123429,HS-grad,9,Married-civ-spouse,Sales,Husband,White,Male,0,0,60,United-States,<=50K
192,20,Private,120572,Some-college,10,Never-married,Other-service,Not-in-family,White,Female,0,0,12,United-States,<=50K
193,41,State-gov,116520,Doctorate,16,Married-civ-spouse,Prof-specialty,Husband,White,Male,0,0,40,United-States,>50K
194,38,Self-emp-not-inc,201328,7th-8th,4,Married-civ-spouse,Farming-fishing,Husband,White,Male,0,0,56,United-States,<=50K
195,39,Private,188069,9th,5,Married-civ-spouse,Transport-moving,Husband,White,Male,0,0,25,United-States,<=50K
196,36,Private,272944,HS-grad,9,Never-married,Transport-moving,Not-in-family,White,Male,0,0,45,United-States,<=50K
197,64,Local-gov,202738,HS-grad,9,Married-civ-spouse,Adm-clerical,Wife,White,Female,0,0,35,United-States,<=50K
198,18,Private,374969,10th,6,Never-married,Transport-moving,Not-in-family,White,Male,0,0,56,United-States,<=50K
199,46,Private,179869,HS-grad,9,Married-civ-spouse,Craft-repair,Husband,White,Male,0,0,40,United-States,<=50K
200,18,Private,120691,Some-college,10,Never-married,Other-service,Own-child,Black,Male,0,0,35,?,<=50K
201,63,Private,100099,HS-grad,9,Married-spouse-absent,Craft-repair,Not-in-family,White,Male,0,0,40,United-States,<=50K
202,56,State-gov,143931,Bachelors,13,Widowed,Prof-specialty,Not-in-family,White,Female,0,0,40,United-States,<=50K
203,59,Private,271571,Some-college,10,Married-civ-spouse,Craft-repair,Husband,White,Male,15024,0,50,United-States,>50K
204,37,Private,126743,1st-4th,2,Married-civ-spouse,Other-service,Husband,White,Male,0,0,53,Mexico,<=50K
205,21,Private,232569,HS-grad,9,Never-married,Handlers-cleaners,Not-in-family,White,Male,0,0,40,United-States,<=50K
206,23,?,164574,Assoc-acdm,12,Never-married,?,Own-child,White,Male,0,0,40,United-States,<=50K
207,30,Private,349148,Bachelors,13,Never-married,Prof-specialty,Not-in-family,White,Male,0,0,70,United-States,<=50K
208,42,Private,156580,Bachelors,13,Married-civ-spouse,Sales,Wife,White,Female,0,0,40,Puerto-Rico,<=50K
209,48,Self-emp-not-inc,164582,Some-college,10,Married-civ-spouse,Farming-fishing,Husband,White,Male,7298,0,60,United-States,>50K
210,56,Self-emp-inc,184598,9th,5,Married-civ-spouse,Transport-moving,Husband,White,Male,0,0,99,United-States,<=50K
211,25,Private,182866,HS-grad,9,Never-married,Handlers-cleaners,Own-child,White,Male,0,0,40,United-States,<=50K
212,46,Local-gov,344172,Assoc-acdm,12,Married-civ-spouse,Protective-serv,Husband,White,Male,0,0,49,United-States,>50K
213,18,Private,243900,HS-grad,9,Never-married,Adm-clerical,Own-child,White,Female,0,0,15,United-States,<=50K
214,74,Self-emp-not-inc,119129,HS-grad,9,Married-civ-spouse,Sales,Husband,White,Male,0,2149,20,United-States,<=50K
215,32,Private,188048,Bachelors,13,Never-married,Adm-clerical,Own-child,White,Female,0,0,40,United-States,<=50K
216,20,Private,366929,Some-college,10,Never-married,Adm-clerical,Own-child,White,Female,0,0,35,United-States,<=50K
217,23,Private,107801,Some-college,10,Never-married,Adm-clerical,Own-child,White,Female,0,1617,25,United-States,<=50K
218,57,Federal-gov,199114,Bachelors,13,Never-married,Adm-clerical,Not-in-family,White,Male,0,2258,40,United-States,<=50K
219,47,Private,216999,HS-grad,9,Married-civ-spouse,Sales,Husband,White,Male,0,0,45,United-States,<=50K
220,55,Private,208311,Masters,14,Married-civ-spouse,Tech-support,Husband,White,Male,0,1977,20,United-States,>50K
221,26,Private,227489,HS-grad,9,Never-married,Tech-support,Other-relative,Black,Male,0,0,40,?,<=50K
222,47,Private,152073,HS-grad,9,Divorced,Machine-op-inspct,Unmarried,White,Female,0,0,40,United-States,<=50K
223,24,Private,441700,Bachelors,13,Never-married,Tech-support,Own-child,White,Male,0,0,40,United-States,<=50K
224,28,?,147471,HS-grad,9,Divorced,?,Own-child,White,Female,0,0,10,United-States,<=50K
225,23,Private,289982,HS-grad,9,Never-married,Sales,Not-in-family,White,Female,0,0,40,United-States,<=50K
226,40,Private,191544,HS-grad,9,Never-married,Other-service,Not-in-family,White,Female,0,0,35,United-States,<=50K
227,60,Federal-gov,165630,HS-grad,9,Married-civ-spouse,Tech-support,Husband,White,Male,0,1977,40,United-States,>50K
228,28,Private,263614,Bachelors,13,Married-civ-spouse,Exec-managerial,Husband,White,Male,0,0,40,United-States,>50K
229,43,Private,184099,Assoc-acdm,12,Married-civ-spouse,Transport-moving,Husband,White,Male,0,0,40,United-States,<=50K
230,42,Private,135056,Some-college,10,Married-civ-spouse,Adm-clerical,Wife,White,Female,0,0,40,United-States,<=50K
231,67,Private,174603,HS-grad,9,Never-married,Exec-managerial,Not-in-family,White,Female,0,0,35,United-States,<=50K
232,25,Private,247006,Assoc-acdm,12,Married-civ-spouse,Exec-managerial,Husband,White,Male,0,0,45,United-States,<=50K
233,30,Private,148524,HS-grad,9,Married-civ-spouse,Transport-moving,Husband,White,Male,0,2057,40,United-States,<=50K
234,37,Local-gov,102936,Bachelors,13,Divorced,Prof-specialty,Unmarried,White,Female,0,0,55,United-States,<=50K
235,62,Private,208711,Bachelors,13,Married-civ-spouse,Craft-repair,Husband,White,Male,7688,0,50,United-States,>50K
236,41,?,27187,Assoc-voc,11,Married-civ-spouse,?,Husband,White,Male,0,2415,12,United-States,>50K
237,40,Private,119101,Some-college,10,Married-civ-spouse,Craft-repair,Husband,White,Male,5178,0,40,United-States,>50K
238,58,?,347692,11th,7,Divorced,?,Not-in-family,Black,Male,0,0,15,United-States,<=50K
239,35,Private,31023,Bachelors,13,Married-civ-spouse,Sales,Husband,White,Male,0,0,45,United-States,<=50K
240,49,Private,30219,HS-grad,9,Divorced,Craft-repair,Not-in-family,White,Male,0,1669,40,United-States,<=50K
241,90,?,39824,HS-grad,9,Widowed,?,Not-in-family,White,Male,401,0,4,United-States,<=50K
242,54,Private,326156,Some-college,10,Married-civ-spouse,Craft-repair,Husband,White,Male,0,0,40,United-States,>50K
243,18,Private,36251,10th,6,Never-married,Other-service,Own-child,White,Female,0,0,15,United-States,<=50K
244,25,Private,361307,Bachelors,13,Never-married,Sales,Own-child,White,Female,0,0,40,United-States,<=50K
245,31,Private,142038,HS-grad,9,Married-civ-spouse,Craft-repair,Wife,White,Female,0,0,45,United-States,<=50K
246,22,Private,188274,HS-grad,9,Never-married,Transport-moving,Own-child,White,Male,0,0,40,United-States,<=50K
247,25,Private,211497,Some-college,10,Married-civ-spouse,Exec-managerial,Husband,White,Male,0,0,40,United-States,<=50K
248,36,Private,592930,HS-grad,9,Married-civ-spouse,Transport-moving,Husband,Black,Male,0,0,50,United-States,>50K
249,26,Private,179772,Bachelors,13,Never-married,Exec-managerial,Not-in-family,White,Female,0,0,45,United-States,<=50K
250,37,Private,179731,HS-grad,9,Never-married,Other-service,Unmarried,White,Female,0,0,35,United-States,<=50K
251,27,Private,104457,Bachelors,13,Never-married,Machine-op-inspct,Not-in-family,Asian-Pac-Islander,Male,0,0,40,?,<=50K
252,18,?,343161,11th,7,Never-married,?,Own-child,White,Male,0,0,16,United-States,<=50K
253,24,Private,122234,Some-college,10,Never-married,Adm-clerical,Not-in-family,Black,Female,0,0,20,?,<=50K
254,47,Self-emp-not-inc,160045,Some-college,10,Widowed,Other-service,Unmarried,White,Female,0,0,35,United-States,<=50K
255,48,Private,248059,Bachelors,13,Married-civ-spouse,Exec-managerial,Husband,White,Male,5013,0,45,United-States,<=50K
256,39,Federal-gov,193583,Bachelors,13,Divorced,Prof-specialty,Unmarried,White,Female,5455,0,60,United-States,<=50K
257,26,Private,120268,Bachelors,13,Never-married,Adm-clerical,Own-child,White,Male,0,0,24,United-States,<=50K
258,51,Private,133336,HS-grad,9,Married-civ-spouse,Tech-support,Husband,White,Male,0,0,40,United-States,>50K
259,32,Private,207685,HS-grad,9,Married-civ-spouse,Handlers-cleaners,Wife,Black,Female,3908,0,40,United-States,<=50K
260,38,Private,170861,Some-college,10,Never-married,Adm-clerical,Own-child,White,Female,0,0,40,United-States,<=50K
261,41,Self-emp-not-inc,223763,Masters,14,Married-civ-spouse,Craft-repair,Husband,White,Male,0,0,65,United-States,<=50K
262,27,Private,108431,Some-college,10,Never-married,Craft-repair,Not-in-family,Black,Male,0,0,40,United-States,<=50K
263,52,Self-emp-not-inc,123011,Prof-school,15,Married-civ-spouse,Prof-specialty,Husband,White,Male,0,0,50,United-States,>50K
264,28,Private,243660,HS-grad,9,Married-civ-spouse,Transport-moving,Husband,White,Male,0,0,40,United-States,<=50K
265,54,Self-emp-not-inc,71344,Masters,14,Divorced,Prof-specialty,Not-in-family,White,Male,0,0,50,United-States,>50K
266,71,?,125101,Assoc-voc,11,Widowed,?,Not-in-family,White,Female,0,0,40,United-States,<=50K
267,57,Private,169329,HS-grad,9,Married-civ-spouse,Tech-support,Husband,Black,Male,0,1887,40,Trinadad&Tobago,>50K
268,33,Private,355856,Assoc-acdm,12,Married-civ-spouse,Sales,Husband,Asian-Pac-Islander,Male,0,0,60,United-States,<=50K
269,50,Private,108926,Some-college,10,Divorced,Machine-op-inspct,Not-in-family,Black,Female,0,0,40,United-States,<=50K
270,66,Self-emp-inc,220543,HS-grad,9,Married-civ-spouse,Adm-clerical,Wife,White,Female,0,0,40,United-States,>50K
271,41,Private,198425,Some-college,10,Married-civ-spouse,Craft-repair,Husband,White,Male,0,0,45,United-States,<=50K
272,25,Private,193701,Bachelors,13,Never-married,Other-service,Not-in-family,White,Female,0,0,38,United-States,<=50K
273,31,State-gov,157673,HS-grad,9,Married-civ-spouse,Farming-fishing,Husband,White,Male,0,0,40,United-States,<=50K
274,47,Private,191957,Bachelors,13,Married-civ-spouse,Sales,Husband,Black,Male,0,0,40,United-States,>50K
275,21,Private,162228,Some-college,10,Never-married,Adm-clerical,Own-child,White,Male,0,0,40,United-States,<=50K
276,64,Local-gov,182866,HS-grad,9,Widowed,Other-service,Unmarried,White,Female,0,0,40,United-States,<=50K
277,39,Federal-gov,432555,HS-grad,9,Married-civ-spouse,Adm-clerical,Husband,Black,Male,0,1628,40,United-States,<=50K
278,26,Private,56929,Bachelors,13,Never-married,Exec-managerial,Not-in-family,Black,Male,0,0,50,?,<=50K
279,22,Private,190968,HS-grad,9,Married-civ-spouse,Other-service,Husband,White,Male,0,0,40,United-States,<=50K
280,30,Private,206051,HS-grad,9,Married-civ-spouse,Transport-moving,Husband,White,Male,0,0,40,United-States,<=50K
281,30,Private,188398,HS-grad,9,Married-spouse-absent,Adm-clerical,Not-in-family,White,Female,0,0,30,United-States,<=50K
282,49,Private,147002,HS-grad,9,Never-married,Craft-repair,Unmarried,White,Female,0,0,40,Puerto-Rico,<=50K
283,22,Private,72310,11th,7,Never-married,Transport-moving,Not-in-family,White,Male,0,0,65,United-States,<=50K
284,46,Local-gov,226871,Bachelors,13,Divorced,Protective-serv,Not-in-family,Black,Male,0,0,50,United-States,>50K
285,55,Private,23789,HS-grad,9,Divorced,Exec-managerial,Not-in-family,White,Female,0,0,40,United-States,<=50K
286,41,Private,219591,HS-grad,9,Never-married,Adm-clerical,Own-child,White,Male,0,0,40,United-States,<=50K
287,65,Private,150095,Bachelors,13,Married-civ-spouse,Exec-managerial,Husband,White,Male,0,0,40,United-States,>50K
288,38,Private,146178,HS-grad,9,Never-married,Craft-repair,Unmarried,Black,Female,0,0,40,United-States,<=50K
289,75,Self-emp-inc,125197,HS-grad,9,Married-civ-spouse,Adm-clerical,Husband,White,Male,0,0,26,United-States,<=50K
290,68,Private,165017,HS-grad,9,Married-civ-spouse,Prof-specialty,Husband,White,Male,0,0,40,Italy,>50K
291,43,Private,373403,Assoc-voc,11,Married-civ-spouse,Craft-repair,Husband,White,Male,0,0,40,United-States,<=50K
292,20,Private,38620,Some-college,10,Never-married,Other-service,Own-child,White,Male,0,0,20,United-States,<=50K
293,32,Private,192039,Assoc-voc,11,Married-civ-spouse,Prof-specialty,Wife,White,Female,0,0,40,United-States,>50K
294,31,Private,200117,HS-grad,9,Divorced,Adm-clerical,Not-in-family,White,Male,0,0,40,United-States,<=50K
295,45,Private,200471,HS-grad,9,Married-civ-spouse,Adm-clerical,Husband,White,Male,0,0,35,United-States,<=50K
296,23,Private,112683,Some-college,10,Never-married,Sales,Own-child,White,Female,0,0,12,United-States,<=50K
297,34,Private,345705,HS-grad,9,Divorced,Craft-repair,Not-in-family,White,Male,0,1408,38,United-States,<=50K
298,36,Private,201769,11th,7,Never-married,Protective-serv,Not-in-family,Black,Male,13550,0,40,United-States,>50K
299,42,Private,99679,HS-grad,9,Married-civ-spouse,Transport-moving,Husband,White,Male,0,0,60,United-States,>50K
300,63,Self-emp-not-inc,420629,Assoc-voc,11,Married-civ-spouse,Other-service,Husband,White,Male,0,0,45,United-States,<=50K
301,44,Federal-gov,102238,HS-grad,9,Divorced,Craft-repair,Unmarried,White,Male,0,0,40,United-States,<=50K
302,35,Private,178322,Bachelors,13,Married-civ-spouse,Sales,Husband,White,Male,0,0,40,United-States,>50K
303,30,Private,149427,9th,5,Never-married,Craft-repair,Own-child,White,Male,0,0,45,United-States,<=50K
304,47,?,178013,10th,6,Married-civ-spouse,?,Wife,White,Female,0,0,20,Cuba,<=50K
305,34,Private,318886,HS-grad,9,Married-civ-spouse,Farming-fishing,Husband,Black,Male,0,0,40,United-States,<=50K
306,38,Private,110402,Assoc-voc,11,Married-civ-spouse,Machine-op-inspct,Husband,White,Male,0,0,40,United-States,<=50K
307,31,Private,323069,Assoc-acdm,12,Divorced,Sales,Unmarried,White,Female,0,880,45,United-States,<=50K
308,60,Private,114263,Bachelors,13,Divorced,Exec-managerial,Not-in-family,White,Female,0,0,40,Hungary,>50K
309,22,Private,103277,Assoc-acdm,12,Never-married,Adm-clerical,Own-child,White,Female,0,0,20,United-States,<=50K
310,53,Private,82646,Doctorate,16,Divorced,Exec-managerial,Not-in-family,White,Female,0,0,55,United-States,>50K
311,90,Private,90523,HS-grad,9,Widowed,Transport-moving,Unmarried,White,Male,0,0,99,United-States,<=50K
312,39,Private,147548,HS-grad,9,Married-civ-spouse,Craft-repair,Husband,White,Male,0,0,40,United-States,<=50K
313,51,Private,108435,Masters,14,Married-civ-spouse,Prof-specialty,Husband,White,Male,0,0,47,United-States,>50K
314,51,Self-emp-not-inc,136836,Assoc-acdm,12,Divorced,Transport-moving,Unmarried,Black,Female,0,0,30,United-States,<=50K
315,42,Private,350387,HS-grad,9,Separated,Machine-op-inspct,Not-in-family,White,Male,0,0,15,United-States,<=50K
316,36,Private,149833,HS-grad,9,Married-civ-spouse,Exec-managerial,Wife,White,Female,0,0,40,United-States,<=50K
317,57,Local-gov,130532,Bachelors,13,Widowed,Prof-specialty,Not-in-family,White,Female,0,0,35,United-States,<=50K
318,71,Local-gov,229110,HS-grad,9,Widowed,Exec-managerial,Other-relative,White,Female,0,0,33,United-States,<=50K
319,53,Private,260106,HS-grad,9,Widowed,Sales,Not-in-family,White,Female,0,0,30,United-States,<=50K
320,23,Private,51985,HS-grad,9,Never-married,Transport-moving,Not-in-family,White,Male,0,0,38,United-States,<=50K
321,45,Local-gov,166181,HS-grad,9,Divorced,Other-service,Own-child,Black,Female,0,0,40,United-States,<=50K
322,19,?,131982,Some-college,10,Never-married,?,Own-child,White,Male,0,0,40,United-States,<=50K
323,49,Federal-gov,128990,Bachelors,13,Married-civ-spouse,Prof-specialty,Husband,White,Male,0,0,40,United-States,>50K
324,36,Local-gov,130620,HS-grad,9,Married-civ-spouse,Adm-clerical,Wife,Asian-Pac-Islander,Female,0,0,40,China,>50K
325,32,Private,123291,12th,8,Married-civ-spouse,Machine-op-inspct,Husband,White,Male,0,0,40,United-States,<=50K
326,43,Private,427382,Masters,14,Never-married,Prof-specialty,Not-in-family,White,Male,0,0,50,United-States,>50K
327,23,Private,198996,HS-grad,9,Never-married,Adm-clerical,Not-in-family,White,Female,0,0,40,United-States,<=50K
328,32,Private,207668,HS-grad,9,Married-civ-spouse,Craft-repair,Husband,White,Male,0,0,50,United-States,<=50K
329,35,Private,170092,HS-grad,9,Married-spouse-absent,Other-service,Unmarried,Black,Female,0,0,20,United-States,<=50K
330,30,Private,114691,HS-grad,9,Never-married,Farming-fishing,Own-child,White,Male,0,0,40,United-States,<=50K
331,59,Private,307423,9th,5,Never-married,Other-service,Not-in-family,Black,Male,0,0,50,United-States,<=50K
332,37,Private,103323,Assoc-acdm,12,Married-civ-spouse,Sales,Husband,White,Male,0,0,40,United-States,<=50K
333,36,Private,162651,HS-grad,9,Separated,Adm-clerical,Not-in-family,White,Male,0,0,40,Columbia,<=50K
334,34,?,205256,HS-grad,9,Married-civ-spouse,?,Husband,White,Male,2885,0,80,United-States,<=50K
335,25,Private,148300,Bachelors,13,Never-married,Prof-specialty,Own-child,White,Female,0,0,15,United-States,<=50K
336,32,Private,169589,Assoc-voc,11,Married-civ-spouse,Handlers-cleaners,Husband,White,Male,0,0,40,United-States,>50K
337,43,Private,145441,Bachelors,13,Married-civ-spouse,Exec-managerial,Husband,White,Male,0,0,38,United-States,>50K
338,58,Private,238438,Some-college,10,Married-civ-spouse,Prof-specialty,Husband,White,Male,0,0,42,United-States,<=50K
339,23,Private,170070,12th,8,Never-married,Other-service,Not-in-family,White,Female,0,0,38,United-States,<=50K
340,25,Private,207875,7th-8th,4,Married-civ-spouse,Handlers-cleaners,Husband,White,Male,0,0,40,Mexico,<=50K
341,28,Private,137296,Assoc-acdm,12,Never-married,Other-service,Not-in-family,Black,Female,0,0,40,United-States,<=50K
342,34,Self-emp-not-inc,319165,Doctorate,16,Married-civ-spouse,Prof-specialty,Husband,White,Male,0,0,50,United-States,>50K
343,44,Private,128485,Assoc-voc,11,Married-civ-spouse,Craft-repair,Husband,Black,Male,0,0,40,United-States,<=50K
344,22,Private,204935,HS-grad,9,Never-married,Machine-op-inspct,Own-child,White,Male,0,0,40,United-States,<=50K
345,25,Private,441210,HS-grad,9,Never-married,Prof-specialty,Own-child,White,Male,0,0,40,United-States,<=50K
346,52,Private,137428,HS-grad,9,Divorced,Transport-moving,Not-in-family,White,Male,0,0,45,United-States,<=50K
347,32,Private,286689,Assoc-acdm,12,Married-civ-spouse,Tech-support,Husband,White,Male,0,0,42,United-States,>50K
348,41,Private,244945,Some-college,10,Married-civ-spouse,Exec-managerial,Husband,White,Male,0,0,40,United-States,<=50K
349,18,Private,92008,HS-grad,9,Never-married,Handlers-cleaners,Other-relative,White,Female,0,0,28,United-States,<=50K
350,37,Private,334291,Bachelors,13,Never-married,Exec-managerial,Not-in-family,White,Male,0,0,50,United-States,<=50K
351,41,Private,279914,Some-college,10,Married-civ-spouse,Adm-clerical,Husband,White,Male,0,0,45,United-States,>50K
352,28,Private,201954,Assoc-acdm,12,Never-married,Exec-managerial,Not-in-family,White,Male,0,0,65,United-States,>50K
353,40,Private,374367,Assoc-voc,11,Separated,Sales,Not-in-family,Black,Male,0,0,44,United-States,<=50K
354,44,Private,175669,11th,7,Married-civ-spouse,Prof-specialty,Wife,White,Female,5178,0,36,United-States,>50K
355,48,?,167381,HS-grad,9,Widowed,?,Unmarried,White,Female,0,0,25,United-States,<=50K
356,38,Private,497788,HS-grad,9,Married-civ-spouse,Craft-repair,Husband,White,Male,0,0,50,United-States,<=50K
357,35,Private,82622,HS-grad,9,Divorced,Exec-managerial,Not-in-family,White,Male,0,0,50,United-States,<=50K
358,22,Private,311376,Bachelors,13,Never-married,Adm-clerical,Own-child,White,Female,0,0,40,United-States,<=50K
359,35,Private,224889,Bachelors,13,Married-civ-spouse,Sales,Husband,White,Male,0,0,40,United-States,<=50K
360,28,Federal-gov,281860,Bachelors,13,Never-married,Prof-specialty,Not-in-family,White,Female,0,0,40,United-States,<=50K
361,61,?,139391,Some-college,10,Married-civ-spouse,?,Husband,White,Male,99999,0,30,United-States,>50K
362,39,Private,216129,Assoc-acdm,12,Divorced,Exec-managerial,Unmarried,Black,Female,0,0,35,Jamaica,<=50K
363,18,Private,118938,11th,7,Never-married,Sales,Own-child,White,Male,0,0,18,United-States,<=50K
364,57,Self-emp-inc,368797,HS-grad,9,Married-civ-spouse,Exec-managerial,Husband,White,Male,0,0,40,United-States,<=50K
365,37,Private,215476,HS-grad,9,Never-married,Handlers-cleaners,Unmarried,Black,Female,0,0,30,United-States,<=50K
366,33,Private,181091,10th,6,Divorced,Craft-repair,Not-in-family,White,Male,0,0,35,England,<=50K
367,17,?,104025,11th,7,Never-married,?,Own-child,White,Male,0,0,18,United-States,<=50K
368,64,Private,143110,Bachelors,13,Widowed,Prof-specialty,Not-in-family,White,Female,0,0,30,United-States,<=50K
369,33,Private,277455,Masters,14,Never-married,Prof-specialty,Not-in-family,White,Male,0,0,40,United-States,<=50K
370,20,Private,219122,Some-college,10,Never-married,Other-service,Not-in-family,White,Male,0,0,40,United-States,<=50K
371,44,Private,121781,Some-college,10,Divorced,Adm-clerical,Not-in-family,Asian-Pac-Islander,Female,0,0,37,United-States,<=50K
372,42,Self-emp-not-inc,79036,Bachelors,13,Married-civ-spouse,Farming-fishing,Husband,White,Male,0,0,65,United-States,<=50K
373,28,Private,168901,Bachelors,13,Married-civ-spouse,Prof-specialty,Husband,Asian-Pac-Islander,Male,0,0,40,Taiwan,<=50K
374,39,State-gov,55568,HS-grad,9,Married-civ-spouse,Adm-clerical,Wife,White,Female,0,0,40,United-States,<=50K
375,32,Private,316470,5th-6th,3,Married-civ-spouse,Craft-repair,Husband,White,Male,0,0,60,Mexico,<=50K
376,22,Federal-gov,32950,Some-college,10,Married-civ-spouse,Sales,Husband,White,Male,0,1902,37,United-States,<=50K
377,54,Private,378747,10th,6,Separated,Transport-moving,Unmarried,Black,Male,0,0,45,United-States,>50K
378,44,Private,322391,11th,7,Separated,Other-service,Unmarried,Black,Female,0,0,30,United-States,<=50K
379,62,Private,174201,9th,5,Widowed,Other-service,Unmarried,Black,Female,0,0,25,United-States,<=50K
380,29,Private,255949,Bachelors,13,Never-married,Sales,Unmarried,Black,Male,0,0,40,United-States,<=50K
381,31,Private,145935,HS-grad,9,Never-married,Exec-managerial,Own-child,Black,Male,0,0,40,United-States,<=50K
382,33,Self-emp-not-inc,67482,Assoc-voc,11,Divorced,Other-service,Unmarried,White,Female,0,0,99,United-States,<=50K
383,33,Private,213308,Assoc-voc,11,Separated,Adm-clerical,Own-child,Black,Female,0,0,50,United-States,<=50K
384,21,?,170070,Some-college,10,Never-married,?,Not-in-family,White,Female,0,0,10,United-States,<=50K
385,44,Federal-gov,161240,HS-grad,9,Divorced,Machine-op-inspct,Not-in-family,White,Male,0,0,40,United-States,<=50K
386,37,Private,94334,7th-8th,4,Never-married,Machine-op-inspct,Own-child,White,Female,0,0,25,United-States,<=50K
387,19,Private,144911,Some-college,10,Never-married,Other-service,Own-child,White,Male,0,0,20,United-States,<=50K
388,32,Local-gov,100135,HS-grad,9,Divorced,Adm-clerical,Unmarried,White,Female,0,0,40,United-States,<=50K
389,58,Local-gov,34878,Bachelors,13,Divorced,Prof-specialty,Not-in-family,White,Female,0,0,50,United-States,<=50K
390,44,Self-emp-inc,37997,HS-grad,9,Married-civ-spouse,Farming-fishing,Husband,White,Male,0,0,60,United-States,<=50K
391,25,Local-gov,176616,HS-grad,9,Never-married,Other-service,Own-child,White,Male,0,0,40,United-States,<=50K
392,45,State-gov,103406,Bachelors,13,Married-civ-spouse,Exec-managerial,Husband,White,Male,0,1977,60,United-States,>50K
393,46,Self-emp-inc,110457,Masters,14,Married-civ-spouse,Exec-managerial,Husband,White,Male,0,0,55,United-States,>50K
394,38,Private,161141,Some-college,10,Married-civ-spouse,Tech-support,Husband,White,Male,0,0,45,United-States,<=50K
395,47,Private,128796,HS-grad,9,Married-civ-spouse,Craft-repair,Husband,White,Male,0,0,40,United-States,>50K
396,39,Private,24106,Some-college,10,Married-civ-spouse,Sales,Husband,White,Male,0,0,40,Philippines,>50K
397,28,Private,173611,HS-grad,9,Never-married,Exec-managerial,Own-child,White,Female,0,0,40,United-States,<=50K
398,41,Private,121055,HS-grad,9,Divorced,Transport-moving,Not-in-family,White,Male,0,0,40,United-States,<=50K
399,23,Federal-gov,41356,Assoc-acdm,12,Never-married,Exec-managerial,Unmarried,White,Female,0,0,32,United-States,<=50K
400,37,Private,220314,HS-grad,9,Divorced,Adm-clerical,Unmarried,White,Female,0,0,40,Mexico,<=50K
401,34,Private,118551,Bachelors,13,Never-married,Tech-support,Not-in-family,White,Female,0,0,40,United-States,<=50K
402,46,Private,251786,1st-4th,2,Separated,Other-service,Not-in-family,White,Female,0,0,40,Mexico,<=50K
403,30,Federal-gov,321990,Some-college,10,Married-civ-spouse,Adm-clerical,Husband,White,Male,7298,0,48,Cuba,>50K
404,30,Private,187279,HS-grad,9,Married-civ-spouse,Handlers-cleaners,Husband,White,Male,0,0,44,United-States,<=50K
405,27,Private,246440,11th,7,Divorced,Machine-op-inspct,Unmarried,White,Female,0,0,40,United-States,<=50K
406,29,Private,197932,Some-college,10,Separated,Priv-house-serv,Not-in-family,White,Female,0,0,30,Guatemala,<=50K
407,25,Private,206600,10th,6,Never-married,Other-service,Not-in-family,White,Male,0,0,24,Nicaragua,<=50K
408,23,Self-emp-not-inc,174714,10th,6,Never-married,Craft-repair,Not-in-family,White,Male,0,0,60,United-States,<=50K
409,27,Private,180262,Some-college,10,Never-married,Exec-managerial,Not-in-family,White,Female,0,0,40,United-States,<=50K
410,40,Federal-gov,199303,Assoc-acdm,12,Married-civ-spouse,Prof-specialty,Husband,White,Male,0,0,40,United-States,>50K
411,41,Private,140886,HS-grad,9,Married-civ-spouse,Farming-fishing,Husband,White,Male,0,0,40,United-States,<=50K
412,56,Self-emp-not-inc,39380,Some-college,10,Married-spouse-absent,Farming-fishing,Not-in-family,White,Female,27828,0,20,United-States,>50K
413,34,Private,269723,HS-grad,9,Divorced,Exec-managerial,Unmarried,White,Female,2977,0,50,United-States,<=50K
414,23,Private,133061,HS-grad,9,Married-civ-spouse,Sales,Husband,White,Male,0,0,80,United-States,<=50K
415,33,Private,377283,Bachelors,13,Separated,Sales,Not-in-family,White,Female,0,0,50,United-States,>50K
416,64,Self-emp-not-inc,149698,Prof-school,15,Married-civ-spouse,Prof-specialty,Husband,White,Male,0,0,40,United-States,>50K
417,21,Private,206681,Some-college,10,Never-married,Sales,Own-child,White,Female,0,0,15,United-States,<=50K
418,59,State-gov,132717,10th,6,Married-civ-spouse,Farming-fishing,Husband,White,Male,0,0,40,United-States,<=50K
419,27,Private,178709,Masters,14,Never-married,Machine-op-inspct,Not-in-family,White,Female,0,0,40,United-States,<=50K
420,40,Private,198873,Prof-school,15,Married-civ-spouse,Prof-specialty,Wife,White,Female,15024,0,30,United-States,>50K
421,36,Local-gov,251091,Some-college,10,Married-civ-spouse,Protective-serv,Husband,White,Male,0,0,40,United-States,>50K
422,49,Federal-gov,118701,HS-grad,9,Divorced,Adm-clerical,Unmarried,Black,Female,0,0,40,United-States,<=50K
423,57,Private,195876,HS-grad,9,Married-civ-spouse,Craft-repair,Husband,White,Male,0,0,40,United-States,<=50K
424,55,?,316027,7th-8th,4,Married-civ-spouse,?,Husband,White,Male,0,0,40,?,<=50K
425,59,Private,31782,10th,6,Married-civ-spouse,Transport-moving,Husband,White,Male,0,0,45,United-States,>50K
426,35,Self-emp-not-inc,176101,HS-grad,9,Married-civ-spouse,Farming-fishing,Husband,White,Male,0,0,80,United-States,>50K
427,42,Private,227397,Bachelors,13,Married-civ-spouse,Adm-clerical,Wife,White,Female,0,0,40,United-States,>50K
428,42,?,32533,Some-college,10,Never-married,?,Not-in-family,White,Male,0,0,45,United-States,<=50K
429,41,Private,187802,Some-college,10,Divorced,Tech-support,Not-in-family,White,Male,0,0,50,United-States,<=50K
430,43,Private,248094,HS-grad,9,Divorced,Craft-repair,Unmarried,White,Male,0,0,40,United-States,<=50K
431,26,Private,35917,Some-college,10,Never-married,Transport-moving,Not-in-family,White,Male,0,0,50,United-States,<=50K
432,27,Private,213152,Some-college,10,Never-married,Sales,Not-in-family,White,Male,0,0,40,United-States,<=50K
433,51,Local-gov,349431,HS-grad,9,Married-civ-spouse,Craft-repair,Husband,White,Male,4386,0,40,United-States,>50K
434,19,Private,183041,11th,7,Never-married,Handlers-cleaners,Own-child,White,Male,0,0,24,United-States,<=50K
435,43,Private,178976,HS-grad,9,Never-married,Adm-clerical,Unmarried,White,Female,0,0,40,United-States,<=50K
436,33,Private,176185,12th,8,Divorced,Craft-repair,Not-in-family,White,Male,0,2258,42,United-States,<=50K
437,18,Private,452452,10th,6,Never-married,Priv-house-serv,Own-child,Black,Female,0,0,20,United-States,<=50K
438,45,Private,207540,Doctorate,16,Separated,Exec-managerial,Unmarried,White,Male,0,0,40,United-States,>50K
439,58,Private,147707,HS-grad,9,Married-civ-spouse,Exec-managerial,Husband,White,Male,15024,0,60,United-States,>50K
440,47,Private,270079,7th-8th,4,Married-civ-spouse,Craft-repair,Husband,White,Male,0,0,40,United-States,<=50K
441,34,Private,118605,Assoc-acdm,12,Married-civ-spouse,Prof-specialty,Husband,White,Male,0,0,55,United-States,<=50K
442,34,?,170276,Bachelors,13,Married-civ-spouse,?,Wife,White,Female,0,0,10,United-States,>50K
443,23,Federal-gov,41031,Some-college,10,Never-married,Sales,Not-in-family,White,Female,0,0,35,United-States,<=50K
444,25,Private,93223,Some-college,10,Divorced,Prof-specialty,Unmarried,White,Female,0,0,35,United-States,<=50K
445,36,Private,215503,HS-grad,9,Never-married,Craft-repair,Not-in-family,White,Male,0,0,65,United-States,<=50K
446,25,Self-emp-not-inc,37741,Bachelors,13,Married-civ-spouse,Exec-managerial,Wife,White,Female,0,0,40,United-States,<=50K
447,25,Private,281627,Masters,14,Never-married,Prof-specialty,Not-in-family,White,Female,0,0,40,United-States,<=50K
448,38,Private,187870,Bachelors,13,Married-civ-spouse,Prof-specialty,Husband,White,Male,7298,0,50,United-States,>50K
449,37,Private,99374,10th,6,Married-civ-spouse,Transport-moving,Husband,White,Male,0,0,55,United-States,<=50K
450,54,Private,227832,12th,8,Married-civ-spouse,Craft-repair,Husband,White,Male,0,0,40,United-States,<=50K
451,40,Private,109762,Some-college,10,Divorced,Craft-repair,Unmarried,White,Male,0,0,40,United-States,<=50K
452,21,Self-emp-not-inc,103277,12th,8,Married-civ-spouse,Adm-clerical,Wife,White,Female,4508,0,30,Portugal,<=50K
453,76,?,42209,9th,5,Widowed,?,Not-in-family,White,Male,0,0,25,United-States,<=50K
454,28,Private,239130,Some-college,10,Never-married,Exec-managerial,Not-in-family,White,Male,0,0,50,United-States,<=50K
455,47,Self-emp-not-inc,122307,Bachelors,13,Married-civ-spouse,Sales,Husband,White,Male,0,1887,40,United-States,>50K
456,58,Self-emp-inc,174864,HS-grad,9,Married-civ-spouse,Sales,Husband,White,Male,0,0,55,United-States,>50K
457,19,?,225775,Some-college,10,Never-married,?,Own-child,White,Male,0,0,40,United-States,<=50K
458,42,Private,165599,HS-grad,9,Married-civ-spouse,Handlers-cleaners,Husband,White,Male,0,0,40,United-States,>50K
459,48,Private,344415,Bachelors,13,Married-spouse-absent,Prof-specialty,Not-in-family,White,Male,0,0,37,United-States,>50K
460,33,Private,100154,10th,6,Separated,Handlers-cleaners,Not-in-family,White,Male,0,0,40,United-States,<=50K
461,45,Private,172960,Some-college,10,Divorced,Protective-serv,Not-in-family,White,Male,0,0,70,United-States,<=50K
462,46,Private,167915,HS-grad,9,Married-civ-spouse,Craft-repair,Husband,White,Male,0,0,40,United-States,<=50K
463,23,Private,64520,HS-grad,9,Never-married,Adm-clerical,Own-child,White,Male,0,0,30,United-States,<=50K
464,59,?,182836,HS-grad,9,Married-civ-spouse,?,Wife,White,Female,0,0,40,United-States,>50K
465,56,Self-emp-not-inc,66356,Some-college,10,Married-civ-spouse,Farming-fishing,Husband,White,Male,0,0,50,United-States,<=50K
466,44,Private,30126,Some-college,10,Divorced,Adm-clerical,Unmarried,White,Female,0,0,40,United-States,<=50K
467,47,Private,23545,Some-college,10,Married-civ-spouse,Handlers-cleaners,Husband,White,Male,0,0,40,United-States,<=50K
468,55,Private,86505,HS-grad,9,Married-civ-spouse,Tech-support,Husband,White,Male,0,0,20,United-States,<=50K
469,32,Private,111836,Some-college,10,Married-civ-spouse,Other-service,Husband,Black,Male,0,0,50,United-States,<=50K
470,26,Private,388812,Some-college,10,Never-married,Sales,Not-in-family,Black,Male,0,0,35,United-States,<=50K
471,25,Private,404951,Bachelors,13,Never-married,Exec-managerial,Not-in-family,Black,Female,0,0,38,United-States,<=50K
472,18,Private,167979,11th,7,Never-married,Sales,Own-child,White,Male,0,0,15,United-States,<=50K
473,60,Self-emp-not-inc,95490,HS-grad,9,Married-civ-spouse,Sales,Husband,White,Male,0,0,45,United-States,<=50K
474,25,Private,268222,HS-grad,9,Separated,Handlers-cleaners,Unmarried,Black,Female,0,0,40,United-States,<=50K
475,54,Private,202415,HS-grad,9,Married-civ-spouse,Craft-repair,Husband,White,Male,0,0,40,United-States,>50K
476,17,?,332666,10th,6,Never-married,?,Own-child,White,Female,0,0,4,United-States,<=50K
477,40,Private,83859,HS-grad,9,Widowed,Machine-op-inspct,Own-child,White,Female,0,0,30,United-States,<=50K
478,62,Private,98076,Bachelors,13,Married-civ-spouse,Exec-managerial,Husband,White,Male,0,0,40,United-States,>50K
479,56,Private,193453,Bachelors,13,Married-civ-spouse,Prof-specialty,Husband,White,Male,0,1902,65,United-States,>50K
480,23,Private,293565,10th,6,Never-married,Handlers-cleaners,Not-in-family,White,Male,0,0,40,United-States,<=50K
481,48,Private,101684,HS-grad,9,Married-civ-spouse,Sales,Husband,White,Male,0,0,40,United-States,<=50K
482,50,Private,195784,12th,8,Divorced,Handlers-cleaners,Unmarried,White,Male,0,0,40,United-States,<=50K
483,18,?,78181,HS-grad,9,Never-married,?,Own-child,White,Female,0,0,20,United-States,<=50K
484,31,Private,511289,HS-grad,9,Never-married,Farming-fishing,Not-in-family,White,Male,2907,0,99,United-States,<=50K
485,24,Private,62952,HS-grad,9,Never-married,Craft-repair,Own-child,White,Male,0,0,40,United-States,<=50K
486,38,Private,391040,Assoc-voc,11,Separated,Tech-support,Unmarried,White,Female,0,0,20,United-States,<=50K
487,20,Private,153583,Some-college,10,Never-married,Adm-clerical,Own-child,White,Female,0,0,40,?,<=50K
488,45,Private,168038,Bachelors,13,Divorced,Sales,Not-in-family,White,Male,0,0,60,United-States,>50K
489,45,Private,260490,Masters,14,Married-civ-spouse,Exec-managerial,Husband,White,Male,0,0,50,United-States,>50K
490,63,Self-emp-not-inc,28612,HS-grad,9,Widowed,Sales,Not-in-family,White,Male,0,0,70,United-States,<=50K
491,40,Private,346189,Doctorate,16,Married-civ-spouse,Prof-specialty,Husband,White,Male,0,0,40,United-States,>50K
492,32,Private,212064,Bachelors,13,Married-civ-spouse,Exec-managerial,Wife,White,Female,0,0,40,United-States,>50K
493,37,Private,135436,Bachelors,13,Married-civ-spouse,Exec-managerial,Husband,White,Male,0,1977,60,United-States,>50K
494,34,Private,184147,HS-grad,9,Separated,Sales,Unmarried,Black,Female,0,0,20,United-States,<=50K
495,35,Private,241998,Bachelors,13,Married-civ-spouse,Exec-managerial,Husband,White,Male,0,0,45,United-States,>50K
496,35,Self-emp-not-inc,115618,HS-grad,9,Divorced,Sales,Not-in-family,White,Male,0,0,50,United-States,>50K
497,59,Private,200700,Bachelors,13,Married-civ-spouse,Craft-repair,Husband,Black,Male,0,0,48,United-States,>50K
498,25,Local-gov,182380,HS-grad,9,Never-married,Craft-repair,Own-child,White,Male,0,0,40,United-States,<=50K
499,27,Private,95647,Bachelors,13,Never-married,Prof-specialty,Own-child,Asian-Pac-Islander,Male,0,0,40,United-States,<=50K
500,22,Private,385077,HS-grad,9,Never-married,Craft-repair,Own-child,White,Male,2907,0,40,United-States,<=50K
501,40,Private,55191,Some-college,10,Never-married,Adm-clerical,Not-in-family,Black,Female,0,0,40,United-States,<=50K
502,29,Private,71860,HS-grad,9,Married-civ-spouse,Farming-fishing,Husband,White,Male,0,0,60,United-States,<=50K
503,42,Self-emp-inc,277488,Prof-school,15,Married-civ-spouse,Prof-specialty,Husband,White,Male,15024,0,65,United-States,>50K
504,19,Private,205830,HS-grad,9,Never-married,Other-service,Own-child,White,Female,0,0,40,El-Salvador,<=50K
505,31,Private,100252,Bachelors,13,Divorced,Other-service,Not-in-family,Asian-Pac-Islander,Male,99999,0,70,United-States,>50K
506,62,Private,132917,Some-college,10,Married-civ-spouse,Transport-moving,Husband,Black,Male,0,0,20,United-States,<=50K
507,38,Private,193372,Some-college,10,Never-married,Exec-managerial,Own-child,White,Female,0,0,40,United-States,<=50K
508,47,Private,267205,Assoc-voc,11,Married-civ-spouse,Craft-repair,Husband,White,Male,0,0,60,?,>50K
509,37,Local-gov,108320,Bachelors,13,Married-civ-spouse,Tech-support,Husband,White,Male,0,0,45,United-States,>50K
510,36,Self-emp-not-inc,167691,Some-college,10,Never-married,Other-service,Unmarried,White,Female,0,0,50,United-States,<=50K
511,18,Private,111256,HS-grad,9,Never-married,Adm-clerical,Own-child,White,Female,0,0,20,United-States,<=50K
512,20,Local-gov,163965,HS-grad,9,Never-married,Other-service,Unmarried,Black,Female,0,0,40,United-States,<=50K
513,45,Self-emp-not-inc,275445,Bachelors,13,Divorced,Exec-managerial,Unmarried,White,Male,0,0,50,United-States,<=50K
514,63,Private,207385,Some-college,10,Married-civ-spouse,Sales,Husband,White,Male,0,0,30,United-States,<=50K
515,55,Private,239404,10th,6,Married-civ-spouse,Transport-moving,Husband,Black,Male,0,0,45,United-States,<=50K
516,40,Local-gov,150755,Bachelors,13,Married-civ-spouse,Prof-specialty,Husband,White,Male,99999,0,75,United-States,>50K
517,33,Private,119033,9th,5,Married-civ-spouse,Handlers-cleaners,Husband,White,Male,0,0,40,United-States,<=50K
518,27,Private,303954,Bachelors,13,Married-civ-spouse,Sales,Husband,White,Male,0,0,45,United-States,<=50K
519,47,State-gov,108890,HS-grad,9,Divorced,Adm-clerical,Unmarried,White,Female,1831,0,38,United-States,<=50K
520,40,Private,205706,HS-grad,9,Married-civ-spouse,Exec-managerial,Wife,White,Female,0,0,40,United-States,<=50K
521,54,Private,215990,Masters,14,Married-civ-spouse,Exec-managerial,Husband,White,Male,0,1887,44,United-States,>50K
522,19,Self-emp-not-inc,137578,HS-grad,9,Never-married,Other-service,Own-child,White,Male,0,0,53,United-States,<=50K
523,29,Self-emp-inc,156815,HS-grad,9,Married-civ-spouse,Other-service,Husband,White,Male,0,0,40,United-States,<=50K
524,61,Self-emp-not-inc,117387,11th,7,Married-civ-spouse,Exec-managerial,Husband,White,Male,0,0,20,United-States,<=50K
525,22,Private,119592,Assoc-acdm,12,Never-married,Handlers-cleaners,Not-in-family,Black,Male,0,2824,40,?,>50K
526,19,?,185619,Some-college,10,Never-married,?,Own-child,White,Female,0,0,20,United-States,<=50K
527,40,Local-gov,105862,Bachelors,13,Divorced,Prof-specialty,Unmarried,White,Female,5455,0,40,United-States,<=50K
528,62,Local-gov,180162,9th,5,Divorced,Protective-serv,Not-in-family,Black,Male,0,0,24,United-States,<=50K
529,42,Private,54611,Some-college,10,Divorced,Farming-fishing,Not-in-family,White,Male,0,0,40,United-States,<=50K
530,30,Private,46712,HS-grad,9,Divorced,Other-service,Not-in-family,White,Female,0,0,40,United-States,<=50K
531,65,Private,344152,Masters,14,Married-civ-spouse,Prof-specialty,Husband,White,Male,5556,0,50,United-States,>50K
532,41,State-gov,58930,Bachelors,13,Never-married,Prof-specialty,Not-in-family,White,Female,0,0,40,United-States,<=50K
533,28,Private,392100,HS-grad,9,Married-civ-spouse,Craft-repair,Own-child,White,Male,0,0,40,United-States,<=50K
534,26,Private,173593,Masters,14,Married-civ-spouse,Machine-op-inspct,Husband,White,Male,0,0,20,Canada,<=50K
535,23,Private,32950,Some-college,10,Never-married,Sales,Not-in-family,White,Male,0,0,40,United-States,<=50K
536,45,Private,20534,Some-college,10,Married-civ-spouse,Machine-op-inspct,Husband,White,Male,0,0,84,United-States,>50K
537,61,Federal-gov,229062,Some-college,10,Married-civ-spouse,Adm-clerical,Husband,White,Male,0,1887,40,United-States,>50K
538,76,Private,208843,7th-8th,4,Widowed,Protective-serv,Not-in-family,White,Male,0,0,30,United-States,<=50K
539,60,Private,139391,Some-college,10,Married-spouse-absent,Machine-op-inspct,Not-in-family,White,Male,0,0,50,United-States,>50K
540,33,State-gov,111994,Some-college,10,Divorced,Adm-clerical,Unmarried,White,Female,0,0,45,United-States,<=50K
541,35,Self-emp-not-inc,348771,11th,7,Married-civ-spouse,Craft-repair,Husband,White,Male,0,0,36,United-States,<=50K
542,23,Private,348420,Bachelors,13,Never-married,Tech-support,Not-in-family,White,Male,0,0,40,United-States,<=50K
543,36,Private,115700,HS-grad,9,Married-civ-spouse,Sales,Husband,White,Male,0,0,50,United-States,<=50K
544,33,Local-gov,133876,HS-grad,9,Divorced,Craft-repair,Unmarried,White,Male,0,0,40,United-States,<=50K
545,36,State-gov,196348,HS-grad,9,Married-civ-spouse,Exec-managerial,Husband,White,Male,0,0,60,United-States,>50K
546,51,Private,123429,Assoc-acdm,12,Divorced,Tech-support,Not-in-family,White,Male,0,0,30,United-States,<=50K
547,27,State-gov,271328,Bachelors,13,Never-married,Prof-specialty,Not-in-family,White,Male,0,0,60,United-States,<=50K
548,47,Local-gov,93618,Some-college,10,Divorced,Adm-clerical,Not-in-family,White,Female,0,0,33,United-States,<=50K
549,26,Private,39212,HS-grad,9,Married-civ-spouse,Machine-op-inspct,Husband,White,Male,0,0,45,United-States,<=50K
550,49,Private,168211,HS-grad,9,Married-civ-spouse,Protective-serv,Husband,White,Male,0,0,40,United-States,>50K
551,25,Private,104193,HS-grad,9,Never-married,Other-service,Own-child,White,Female,114,0,40,United-States,<=50K
552,62,State-gov,202056,Bachelors,13,Divorced,Prof-specialty,Not-in-family,White,Male,14084,0,40,United-States,>50K
553,59,Private,189664,Some-college,10,Married-civ-spouse,Sales,Husband,White,Male,0,0,40,United-States,<=50K
554,45,Private,262802,Bachelors,13,Divorced,Exec-managerial,Unmarried,White,Female,0,0,40,United-States,<=50K
555,43,Private,219424,Bachelors,13,Never-married,Exec-managerial,Not-in-family,Black,Female,0,0,50,United-States,>50K
556,36,Self-emp-inc,184456,Bachelors,13,Never-married,Tech-support,Not-in-family,White,Male,27828,0,55,United-States,>50K
557,49,Private,207677,7th-8th,4,Divorced,Craft-repair,Not-in-family,White,Male,0,0,70,United-States,<=50K
558,61,?,60641,Bachelors,13,Never-married,?,Not-in-family,White,Female,0,0,45,United-States,<=50K
559,32,Local-gov,19302,Assoc-acdm,12,Married-civ-spouse,Protective-serv,Husband,White,Male,0,0,56,England,>50K
560,30,Private,208668,Assoc-acdm,12,Never-married,Prof-specialty,Not-in-family,Black,Female,0,0,25,United-States,<=50K
561,22,Private,500720,HS-grad,9,Never-married,Adm-clerical,Own-child,White,Female,0,0,40,Mexico,<=50K
562,41,Private,222504,Prof-school,15,Divorced,Prof-specialty,Unmarried,White,Female,0,0,38,United-States,<=50K
563,60,Private,320376,7th-8th,4,Married-civ-spouse,Machine-op-inspct,Wife,White,Female,0,0,40,United-States,<=50K
564,28,Private,148429,HS-grad,9,Married-civ-spouse,Machine-op-inspct,Husband,White,Male,0,0,40,United-States,<=50K
565,66,?,175891,9th,5,Married-civ-spouse,?,Husband,White,Male,0,0,40,United-States,<=50K
566,51,Private,128272,Some-college,10,Married-civ-spouse,Exec-managerial,Husband,White,Male,0,0,40,United-States,<=50K
567,46,Private,216414,Assoc-voc,11,Married-spouse-absent,Craft-repair,Unmarried,White,Male,0,0,40,United-States,<=50K
568,29,Private,144784,HS-grad,9,Never-married,Other-service,Not-in-family,Black,Female,0,0,40,United-States,<=50K
569,32,Private,116055,HS-grad,9,Never-married,Adm-clerical,Unmarried,Black,Female,2977,0,35,United-States,<=50K
570,25,Private,193787,Some-college,10,Never-married,Machine-op-inspct,Own-child,White,Female,0,0,50,United-States,<=50K
571,27,Private,113635,Bachelors,13,Never-married,Other-service,Not-in-family,White,Male,0,0,35,United-States,<=50K
572,24,Private,417668,Bachelors,13,Never-married,Prof-specialty,Own-child,White,Male,0,0,30,United-States,<=50K
573,51,Private,103529,11th,7,Divorced,Other-service,Unmarried,Black,Female,0,0,30,United-States,<=50K
574,22,Private,163911,Some-college,10,Never-married,Adm-clerical,Own-child,White,Female,0,0,20,United-States,<=50K
575,60,Local-gov,101110,Assoc-voc,11,Divorced,Prof-specialty,Unmarried,White,Male,0,0,40,United-States,>50K
576,38,Local-gov,73715,Some-college,10,Married-civ-spouse,Protective-serv,Husband,White,Male,0,0,60,United-States,>50K
577,49,Private,250733,HS-grad,9,Married-civ-spouse,Craft-repair,Husband,White,Male,0,0,46,United-States,<=50K
578,50,Self-emp-not-inc,42402,Prof-school,15,Married-civ-spouse,Prof-specialty,Husband,White,Male,0,2415,30,United-States,>50K
579,47,Private,144351,HS-grad,9,Divorced,Craft-repair,Unmarried,White,Male,0,625,40,United-States,<=50K
580,80,Self-emp-not-inc,225892,HS-grad,9,Married-civ-spouse,Other-service,Husband,White,Male,1409,0,40,United-States,<=50K
581,45,Private,184277,Assoc-voc,11,Divorced,Adm-clerical,Unmarried,White,Female,0,0,55,United-States,>50K
582,29,Private,48895,HS-grad,9,Never-married,Craft-repair,Not-in-family,White,Male,0,0,50,United-States,<=50K
583,20,Private,375698,Some-college,10,Never-married,Adm-clerical,Own-child,White,Female,0,0,15,United-States,<=50K
584,39,Federal-gov,184964,Some-college,10,Divorced,Adm-clerical,Not-in-family,White,Male,0,0,40,United-States,>50K
585,28,Private,215211,HS-grad,9,Married-civ-spouse,Sales,Husband,White,Male,0,0,50,United-States,<=50K
586,32,Private,101352,Some-college,10,Married-civ-spouse,Tech-support,Wife,White,Female,0,0,32,United-States,>50K
587,41,Private,100451,HS-grad,9,Married-civ-spouse,Craft-repair,Husband,White,Male,7688,0,38,United-States,>50K
588,22,Private,113703,Some-college,10,Never-married,Sales,Other-relative,White,Male,0,0,20,United-States,<=50K
589,36,Self-emp-not-inc,150371,HS-grad,9,Never-married,Craft-repair,Not-in-family,White,Male,0,0,40,United-States,<=50K
590,19,Private,69151,9th,5,Never-married,Handlers-cleaners,Own-child,White,Male,0,0,25,United-States,<=50K
591,31,Self-emp-not-inc,234537,Some-college,10,Married-civ-spouse,Craft-repair,Husband,White,Male,0,0,60,United-States,<=50K
592,33,Private,323811,Some-college,10,Married-civ-spouse,Machine-op-inspct,Husband,White,Male,0,0,55,United-States,<=50K
593,32,Self-emp-not-inc,35595,HS-grad,9,Married-civ-spouse,Craft-repair,Husband,White,Male,0,0,50,United-States,<=50K
594,25,Private,410240,HS-grad,9,Never-married,Craft-repair,Own-child,White,Male,0,0,40,United-States,<=50K
595,60,Private,188650,5th-6th,3,Married-civ-spouse,Sales,Husband,White,Male,0,0,40,?,>50K
596,45,Private,30457,Bachelors,13,Married-civ-spouse,Exec-managerial,Husband,White,Male,15024,0,40,United-States,>50K
597,34,Private,293703,Some-college,10,Married-civ-spouse,Craft-repair,Husband,Asian-Pac-Islander,Male,0,0,40,Philippines,<=50K
598,81,?,89391,Prof-school,15,Married-civ-spouse,?,Husband,White,Male,0,0,24,United-States,>50K
599,29,Private,181280,HS-grad,9,Married-civ-spouse,Machine-op-inspct,Husband,White,Male,0,0,40,United-States,<=50K
600,38,Private,240467,Masters,14,Never-married,Exec-managerial,Unmarried,Black,Female,0,0,35,United-States,<=50K
601,32,?,119522,Bachelors,13,Divorced,?,Not-in-family,White,Male,0,0,50,United-States,<=50K
602,33,Private,231413,Bachelors,13,Married-civ-spouse,Prof-specialty,Husband,White,Male,0,0,40,United-States,<=50K
603,33,Private,347623,Masters,14,Never-married,Exec-managerial,Unmarried,White,Male,0,0,40,United-States,<=50K
604,34,State-gov,103371,Assoc-voc,11,Never-married,Adm-clerical,Unmarried,White,Female,0,0,40,United-States,<=50K
605,26,Private,276548,HS-grad,9,Married-civ-spouse,Sales,Wife,White,Female,0,0,20,United-States,<=50K
606,30,Self-emp-not-inc,85708,HS-grad,9,Married-civ-spouse,Craft-repair,Husband,White,Male,0,0,40,United-States,<=50K
607,33,Private,183612,HS-grad,9,Married-civ-spouse,Transport-moving,Husband,White,Male,0,0,20,United-States,<=50K
608,37,Private,356824,HS-grad,9,Separated,Tech-support,Unmarried,White,Female,0,0,40,United-States,<=50K
609,37,Federal-gov,45937,Assoc-acdm,12,Married-civ-spouse,Exec-managerial,Wife,White,Female,0,0,40,United-States,>50K
610,38,State-gov,255191,HS-grad,9,Never-married,Other-service,Not-in-family,White,Male,0,0,40,United-States,<=50K
611,21,Private,195199,HS-grad,9,Never-married,Prof-specialty,Own-child,White,Female,0,0,30,United-States,<=50K
612,62,Self-emp-not-inc,197353,HS-grad,9,Married-civ-spouse,Craft-repair,Husband,White,Male,0,1740,40,United-States,<=50K
613,46,Private,415051,Some-college,10,Married-civ-spouse,Sales,Husband,Black,Male,0,0,60,United-States,>50K
614,38,?,365465,Assoc-voc,11,Never-married,?,Own-child,White,Male,0,0,15,United-States,<=50K
615,21,Private,157893,HS-grad,9,Never-married,Transport-moving,Own-child,White,Female,0,0,40,United-States,<=50K
616,23,Private,39615,Some-college,10,Never-married,Handlers-cleaners,Own-child,White,Male,0,0,10,United-States,<=50K
617,41,Self-emp-inc,177905,Bachelors,13,Married-civ-spouse,Exec-managerial,Husband,White,Male,7688,0,70,United-States,>50K
618,28,Private,264498,Bachelors,13,Never-married,Prof-specialty,Not-in-family,White,Female,0,0,40,United-States,<=50K
619,39,Private,110426,Assoc-acdm,12,Married-civ-spouse,Exec-managerial,Wife,White,Female,15024,0,45,United-States,>50K
620,43,Local-gov,188280,Masters,14,Divorced,Prof-specialty,Unmarried,White,Female,914,0,40,United-States,<=50K
621,37,Private,199753,Some-college,10,Married-civ-spouse,Craft-repair,Husband,White,Male,0,0,35,United-States,>50K
622,25,Private,222539,10th,6,Never-married,Transport-moving,Not-in-family,White,Male,2597,0,50,United-States,<=50K
623,41,?,252127,Some-college,10,Widowed,?,Unmarried,Black,Female,0,0,20,United-States,<=50K
624,48,Self-emp-not-inc,28791,HS-grad,9,Married-civ-spouse,Sales,Wife,White,Female,0,0,50,United-States,<=50K
625,28,Local-gov,401886,HS-grad,9,Never-married,Adm-clerical,Other-relative,White,Male,0,0,20,United-States,<=50K
626,42,?,175935,HS-grad,9,Separated,?,Unmarried,White,Male,0,0,40,United-States,<=50K
627,42,Local-gov,194417,Some-college,10,Married-civ-spouse,Protective-serv,Husband,White,Male,0,0,40,United-States,>50K
628,57,Self-emp-not-inc,413373,Doctorate,16,Married-civ-spouse,Sales,Husband,White,Male,0,1902,40,United-States,>50K
629,36,Private,418702,Assoc-voc,11,Divorced,Adm-clerical,Unmarried,White,Female,0,0,40,United-States,<=50K
630,34,Local-gov,136331,Bachelors,13,Married-civ-spouse,Prof-specialty,Husband,White,Male,0,0,60,United-States,<=50K
631,18,Self-emp-inc,174202,HS-grad,9,Never-married,Transport-moving,Own-child,White,Male,0,0,60,United-States,<=50K
632,17,Private,309504,10th,6,Never-married,Sales,Unmarried,White,Female,0,0,24,United-States,<=50K
633,34,Self-emp-inc,154120,HS-grad,9,Never-married,Farming-fishing,Own-child,White,Male,0,0,55,United-States,<=50K
634,40,Private,259307,Some-college,10,Never-married,Exec-managerial,Not-in-family,White,Male,0,0,50,United-States,<=50K
635,26,Private,107827,HS-grad,9,Never-married,Other-service,Unmarried,White,Male,0,0,25,United-States,<=50K
636,66,Private,115498,Bachelors,13,Married-civ-spouse,Exec-managerial,Husband,White,Male,99999,0,55,?,>50K
637,37,Private,272950,HS-grad,9,Divorced,Craft-repair,Not-in-family,White,Male,0,0,40,United-States,<=50K
638,41,Private,318046,Some-college,10,Married-civ-spouse,Transport-moving,Husband,White,Male,0,0,48,United-States,>50K
639,65,Local-gov,103153,7th-8th,4,Married-civ-spouse,Exec-managerial,Husband,White,Male,0,1411,40,United-States,<=50K
640,54,Private,161691,Masters,14,Divorced,Prof-specialty,Not-in-family,White,Female,0,2559,40,United-States,>50K
641,42,Private,248356,HS-grad,9,Never-married,Sales,Unmarried,White,Female,0,0,40,United-States,<=50K
642,30,Self-emp-not-inc,176185,Some-college,10,Married-spouse-absent,Craft-repair,Own-child,White,Male,0,0,60,United-States,>50K
643,30,?,33811,Bachelors,13,Never-married,?,Not-in-family,Asian-Pac-Islander,Female,0,0,99,United-States,<=50K
